0,792,62,2016-12-02 17:11:07
1,792,62,2016-12-02 17:11:08
2,792,61,2016-12-02 17:11:10
3,792,61,2016-12-02 17:11:12
4,792,61,2016-12-02 17:11:14
5,792,61,2016-12-02 17:11:16
6,793,61,2016-12-02 17:11:18
7,792,62,2016-12-02 17:11:20
8,792,62,2016-12-02 17:11:22
9,792,62,2016-12-02 17:11:24
10,792,63,2016-12-02 17:11:26
11,789,63,2016-12-02 17:11:28
12,791,63,2016-12-02 17:11:30
13,792,62,2016-12-02 17:11:32
14,791,63,2016-12-02 17:11:34
15,790,63,2016-12-02 17:11:36
16,792,63,2016-12-02 17:11:38
17,792,63,2016-12-02 17:11:40
18,791,63,2016-12-02 17:11:42
19,792,63,2016-12-02 17:11:44
20,792,63,2016-12-02 17:11:46
21,792,63,2016-12-02 17:11:48
22,791,63,2016-12-02 17:11:50
23,792,63,2016-12-02 17:11:52
24,791,63,2016-12-02 17:11:54
25,792,63,2016-12-02 17:11:56
26,792,63,2016-12-02 17:11:58
27,791,63,2016-12-02 17:12:00
28,791,63,2016-12-02 17:12:02
29,792,63,2016-12-02 17:12:04
30,792,63,2016-12-02 17:12:06
31,791,63,2016-12-02 17:12:08
32,791,63,2016-12-02 17:12:10
33,792,63,2016-12-02 17:12:12
34,792,63,2016-12-02 17:12:14
35,792,63,2016-12-02 17:12:16
36,792,63,2016-12-02 17:12:18
37,792,63,2016-12-02 17:12:20
38,792,63,2016-12-02 17:12:22
39,792,63,2016-12-02 17:12:24
40,792,62,2016-12-02 17:12:26
41,792,62,2016-12-02 17:12:28
42,792,62,2016-12-02 17:12:30
43,792,62,2016-12-02 17:12:32
44,791,62,2016-12-02 17:12:34
45,791,62,2016-12-02 17:12:36
46,792,62,2016-12-02 17:12:38
47,791,62,2016-12-02 17:12:40
48,792,62,2016-12-02 17:12:42
49,791,62,2016-12-02 17:12:44
50,791,62,2016-12-02 17:12:46
51,792,62,2016-12-02 17:12:48
52,791,62,2016-12-02 17:12:50
53,791,61,2016-12-02 17:12:52
54,792,62,2016-12-02 17:12:54
55,792,62,2016-12-02 17:12:56
56,791,62,2016-12-02 17:12:58
57,791,61,2016-12-02 17:13:00
58,791,62,2016-12-02 17:13:02
59,792,62,2016-12-02 17:13:04
60,791,62,2016-12-02 17:13:06
61,791,62,2016-12-02 17:13:08
62,792,61,2016-12-02 17:13:10
63,792,62,2016-12-02 17:13:12
64,791,62,2016-12-02 17:13:14
65,792,61,2016-12-02 17:13:16
66,791,61,2016-12-02 17:13:18
67,791,61,2016-12-02 17:13:20
68,791,61,2016-12-02 17:13:22
69,791,61,2016-12-02 17:13:24
70,791,61,2016-12-02 17:13:26
71,792,61,2016-12-02 17:13:28
72,792,62,2016-12-02 17:13:30
73,792,62,2016-12-02 17:13:32
74,791,62,2016-12-02 17:13:34
75,792,61,2016-12-02 17:13:36
76,791,62,2016-12-02 17:13:38
77,792,62,2016-12-02 17:13:40
78,791,62,2016-12-02 17:13:42
79,791,61,2016-12-02 17:13:44
80,791,61,2016-12-02 17:13:46
81,791,61,2016-12-02 17:13:48
82,791,62,2016-12-02 17:13:50
83,791,62,2016-12-02 17:13:52
84,791,62,2016-12-02 17:13:54
85,791,62,2016-12-02 17:13:56
86,791,61,2016-12-02 17:13:58
87,791,61,2016-12-02 17:14:00
88,791,61,2016-12-02 17:14:02
89,791,62,2016-12-02 17:14:04
90,791,61,2016-12-02 17:14:06
91,791,61,2016-12-02 17:14:08
92,791,61,2016-12-02 17:14:10
93,791,61,2016-12-02 17:14:12
94,791,61,2016-12-02 17:14:14
95,791,61,2016-12-02 17:14:16
96,791,61,2016-12-02 17:14:18
97,791,61,2016-12-02 17:14:20
98,791,61,2016-12-02 17:14:22
99,791,61,2016-12-02 17:14:24
100,791,61,2016-12-02 17:14:26
101,792,61,2016-12-02 17:14:28
102,791,61,2016-12-02 17:14:30
103,792,61,2016-12-02 17:14:32
104,791,61,2016-12-02 17:14:34
105,791,61,2016-12-02 17:14:36
106,791,61,2016-12-02 17:14:38
107,791,61,2016-12-02 17:14:40
108,791,61,2016-12-02 17:14:42
109,791,61,2016-12-02 17:14:44
110,791,61,2016-12-02 17:14:46
111,791,63,2016-12-02 17:14:48
112,791,61,2016-12-02 17:14:50
113,791,61,2016-12-02 17:14:52
114,791,61,2016-12-02 17:14:54
115,791,61,2016-12-02 17:14:56
116,791,61,2016-12-02 17:14:58
117,792,61,2016-12-02 17:15:00
118,791,61,2016-12-02 17:15:02
119,791,61,2016-12-02 17:15:04
120,792,61,2016-12-02 17:15:06
121,791,61,2016-12-02 17:15:08
122,791,61,2016-12-02 17:15:10
123,792,61,2016-12-02 17:15:12
124,791,61,2016-12-02 17:15:14
125,791,61,2016-12-02 17:15:16
126,791,61,2016-12-02 17:15:18
127,791,61,2016-12-02 17:15:20
128,791,61,2016-12-02 17:15:22
129,791,61,2016-12-02 17:15:24
130,791,61,2016-12-02 17:15:26
131,791,61,2016-12-02 17:15:28
132,791,61,2016-12-02 17:15:30
133,791,61,2016-12-02 17:15:32
134,791,61,2016-12-02 17:15:34
135,791,61,2016-12-02 17:15:36
136,791,61,2016-12-02 17:15:38
137,791,61,2016-12-02 17:15:40
138,791,61,2016-12-02 17:15:42
139,791,61,2016-12-02 17:15:44
140,791,61,2016-12-02 17:15:46
141,791,61,2016-12-02 17:15:48
142,791,61,2016-12-02 17:15:50
143,791,61,2016-12-02 17:15:52
144,791,61,2016-12-02 17:15:54
145,791,61,2016-12-02 17:15:56
146,791,61,2016-12-02 17:15:58
147,792,61,2016-12-02 17:16:00
148,791,61,2016-12-02 17:16:02
149,791,61,2016-12-02 17:16:04
150,791,61,2016-12-02 17:16:06
151,791,61,2016-12-02 17:16:08
152,791,61,2016-12-02 17:16:10
153,791,61,2016-12-02 17:16:12
154,791,61,2016-12-02 17:16:14
155,791,61,2016-12-02 17:16:16
156,791,61,2016-12-02 17:16:18
157,791,61,2016-12-02 17:16:20
158,792,61,2016-12-02 17:16:22
159,791,61,2016-12-02 17:16:24
160,791,61,2016-12-02 17:16:26
161,791,61,2016-12-02 17:16:28
162,791,61,2016-12-02 17:16:30
163,791,61,2016-12-02 17:16:32
164,791,61,2016-12-02 17:16:34
165,791,61,2016-12-02 17:16:36
166,791,61,2016-12-02 17:16:38
167,791,61,2016-12-02 17:16:40
168,791,61,2016-12-02 17:16:42
169,791,61,2016-12-02 17:16:44
170,791,61,2016-12-02 17:16:46
171,791,61,2016-12-02 17:16:48
172,791,61,2016-12-02 17:16:50
173,791,61,2016-12-02 17:16:52
174,791,61,2016-12-02 17:16:54
175,791,61,2016-12-02 17:16:56
176,791,61,2016-12-02 17:16:58
177,791,61,2016-12-02 17:17:00
178,791,61,2016-12-02 17:17:02
179,791,61,2016-12-02 17:17:04
180,792,61,2016-12-02 17:17:06
181,792,61,2016-12-02 17:17:08
182,791,61,2016-12-02 17:17:10
183,792,62,2016-12-02 17:17:12
184,791,61,2016-12-02 17:17:14
185,792,61,2016-12-02 17:17:16
186,792,61,2016-12-02 17:17:18
187,792,61,2016-12-02 17:17:20
188,791,61,2016-12-02 17:17:22
189,792,62,2016-12-02 17:17:24
190,792,61,2016-12-02 17:17:26
191,792,61,2016-12-02 17:17:28
192,792,61,2016-12-02 17:17:30
193,792,61,2016-12-02 17:17:32
194,791,62,2016-12-02 17:17:34
195,791,61,2016-12-02 17:17:36
196,792,61,2016-12-02 17:17:38
197,791,61,2016-12-02 17:17:40
198,792,61,2016-12-02 17:17:42
199,792,61,2016-12-02 17:17:44
200,791,61,2016-12-02 17:17:46
201,791,61,2016-12-02 17:17:48
202,792,61,2016-12-02 17:17:50
203,792,61,2016-12-02 17:17:52
204,791,61,2016-12-02 17:17:54
205,791,61,2016-12-02 17:17:56
206,791,61,2016-12-02 17:17:58
207,792,61,2016-12-02 17:18:00
208,791,61,2016-12-02 17:18:02
209,791,61,2016-12-02 17:18:04
210,792,61,2016-12-02 17:18:06
211,792,61,2016-12-02 17:18:08
212,791,61,2016-12-02 17:18:10
213,791,61,2016-12-02 17:18:12
214,792,61,2016-12-02 17:18:14
215,791,61,2016-12-02 17:18:16
216,791,62,2016-12-02 17:18:18
217,791,61,2016-12-02 17:18:20
218,791,61,2016-12-02 17:18:22
219,792,61,2016-12-02 17:18:24
220,791,61,2016-12-02 17:18:26
221,791,61,2016-12-02 17:18:28
222,791,61,2016-12-02 17:18:30
223,791,61,2016-12-02 17:18:32
224,792,61,2016-12-02 17:18:34
225,792,61,2016-12-02 17:18:36
226,792,61,2016-12-02 17:18:38
227,792,61,2016-12-02 17:18:40
228,792,61,2016-12-02 17:18:42
229,791,61,2016-12-02 17:18:44
230,791,61,2016-12-02 17:18:46
231,791,61,2016-12-02 17:18:48
232,791,61,2016-12-02 17:18:50
233,791,61,2016-12-02 17:18:52
234,791,62,2016-12-02 17:18:54
235,791,61,2016-12-02 17:18:56
236,791,61,2016-12-02 17:18:58
237,791,61,2016-12-02 17:19:00
238,792,61,2016-12-02 17:19:02
239,792,61,2016-12-02 17:19:04
240,792,61,2016-12-02 17:19:06
241,791,61,2016-12-02 17:19:08
242,792,61,2016-12-02 17:19:10
243,791,62,2016-12-02 17:19:12
244,791,61,2016-12-02 17:19:14
245,791,61,2016-12-02 17:19:16
246,792,61,2016-12-02 17:19:18
247,792,61,2016-12-02 17:19:20
248,790,61,2016-12-02 17:19:22
249,791,61,2016-12-02 17:19:24
250,791,61,2016-12-02 17:19:26
251,791,61,2016-12-02 17:19:28
252,791,61,2016-12-02 17:19:30
253,790,61,2016-12-02 17:19:32
254,791,61,2016-12-02 17:19:34
255,790,61,2016-12-02 17:19:36
256,791,61,2016-12-02 17:19:38
257,791,61,2016-12-02 17:19:40
258,791,61,2016-12-02 17:19:42
259,791,61,2016-12-02 17:19:44
260,791,61,2016-12-02 17:19:46
261,791,61,2016-12-02 17:19:48
262,791,61,2016-12-02 17:19:50
263,791,61,2016-12-02 17:19:52
264,791,61,2016-12-02 17:19:54
265,791,62,2016-12-02 17:19:56
266,791,61,2016-12-02 17:19:58
267,790,61,2016-12-02 17:20:00
268,791,61,2016-12-02 17:20:02
269,791,61,2016-12-02 17:20:04
270,791,61,2016-12-02 17:20:06
271,791,61,2016-12-02 17:20:08
272,790,61,2016-12-02 17:20:10
273,791,61,2016-12-02 17:20:12
274,791,61,2016-12-02 17:20:14
275,792,62,2016-12-02 17:20:16
276,791,61,2016-12-02 17:20:18
277,791,61,2016-12-02 17:20:20
278,792,61,2016-12-02 17:20:22
279,792,61,2016-12-02 17:20:24
280,791,61,2016-12-02 17:20:26
281,791,61,2016-12-02 17:20:28
282,791,61,2016-12-02 17:20:30
283,792,61,2016-12-02 17:20:32
284,791,61,2016-12-02 17:20:34
285,791,61,2016-12-02 17:20:36
286,791,61,2016-12-02 17:20:38
287,791,61,2016-12-02 17:20:40
288,791,61,2016-12-02 17:20:42
289,791,61,2016-12-02 17:20:44
290,791,62,2016-12-02 17:20:46
291,791,61,2016-12-02 17:20:48
292,791,61,2016-12-02 17:20:50
293,792,61,2016-12-02 17:20:52
294,792,63,2016-12-02 17:20:54
295,792,61,2016-12-02 17:20:56
296,792,61,2016-12-02 17:20:58
297,792,61,2016-12-02 17:21:00
298,792,61,2016-12-02 17:21:02
299,792,61,2016-12-02 17:21:04
300,792,61,2016-12-02 17:21:06
301,792,61,2016-12-02 17:21:08
302,792,62,2016-12-02 17:21:10
303,792,62,2016-12-02 17:21:12
304,792,61,2016-12-02 17:21:14
305,792,61,2016-12-02 17:21:16
306,792,62,2016-12-02 17:21:18
307,792,62,2016-12-02 17:21:20
308,792,62,2016-12-02 17:21:22
309,792,62,2016-12-02 17:21:24
310,792,62,2016-12-02 17:21:26
311,792,62,2016-12-02 17:21:28
312,791,62,2016-12-02 17:21:30
313,792,62,2016-12-02 17:21:32
314,792,62,2016-12-02 17:21:34
315,792,62,2016-12-02 17:21:36
316,792,62,2016-12-02 17:21:38
317,792,62,2016-12-02 17:21:40
318,791,62,2016-12-02 17:21:42
319,790,61,2016-12-02 17:21:44
320,790,62,2016-12-02 17:21:46
321,791,61,2016-12-02 17:21:48
322,791,61,2016-12-02 17:21:50
323,790,62,2016-12-02 17:21:52
324,790,61,2016-12-02 17:21:54
325,790,62,2016-12-02 17:21:56
326,791,62,2016-12-02 17:21:58
327,790,62,2016-12-02 17:22:00
328,791,62,2016-12-02 17:22:02
329,791,62,2016-12-02 17:22:04
330,790,62,2016-12-02 17:22:06
331,790,62,2016-12-02 17:22:08
332,790,62,2016-12-02 17:22:10
333,790,62,2016-12-02 17:22:12
334,790,62,2016-12-02 17:22:14
335,790,62,2016-12-02 17:22:16
336,791,62,2016-12-02 17:22:18
337,791,62,2016-12-02 17:22:20
338,790,62,2016-12-02 17:22:22
339,790,62,2016-12-02 17:22:24
340,791,62,2016-12-02 17:22:26
341,790,62,2016-12-02 17:22:28
342,790,62,2016-12-02 17:22:30
343,790,62,2016-12-02 17:22:32
344,790,62,2016-12-02 17:22:34
345,790,62,2016-12-02 17:22:36
346,791,61,2016-12-02 17:22:38
347,790,62,2016-12-02 17:22:40
348,790,62,2016-12-02 17:22:42
349,791,62,2016-12-02 17:22:44
350,790,62,2016-12-02 17:22:46
351,790,62,2016-12-02 17:22:48
352,791,62,2016-12-02 17:22:50
353,790,62,2016-12-02 17:22:52
354,790,62,2016-12-02 17:22:54
355,790,62,2016-12-02 17:22:56
356,791,62,2016-12-02 17:22:58
357,791,62,2016-12-02 17:23:00
358,791,61,2016-12-02 17:23:02
359,791,62,2016-12-02 17:23:04
360,791,62,2016-12-02 17:23:06
361,791,62,2016-12-02 17:23:08
362,791,62,2016-12-02 17:23:10
363,791,62,2016-12-02 17:23:12
364,791,62,2016-12-02 17:23:14
365,791,62,2016-12-02 17:23:16
366,791,62,2016-12-02 17:23:18
367,791,62,2016-12-02 17:23:20
368,791,62,2016-12-02 17:23:22
369,791,62,2016-12-02 17:23:24
370,791,62,2016-12-02 17:23:26
371,791,62,2016-12-02 17:23:28
372,791,62,2016-12-02 17:23:30
373,791,62,2016-12-02 17:23:32
374,791,62,2016-12-02 17:23:34
375,791,62,2016-12-02 17:23:36
376,791,62,2016-12-02 17:23:38
377,791,62,2016-12-02 17:23:40
378,791,62,2016-12-02 17:23:42
379,791,62,2016-12-02 17:23:44
380,791,62,2016-12-02 17:23:46
381,791,62,2016-12-02 17:23:48
382,791,62,2016-12-02 17:23:50
383,791,62,2016-12-02 17:23:52
384,791,62,2016-12-02 17:23:54
385,791,62,2016-12-02 17:23:56
386,791,62,2016-12-02 17:23:58
387,791,62,2016-12-02 17:24:00
388,791,62,2016-12-02 17:24:02
389,791,62,2016-12-02 17:24:04
390,791,62,2016-12-02 17:24:06
391,791,62,2016-12-02 17:24:08
392,791,62,2016-12-02 17:24:10
393,791,62,2016-12-02 17:24:12
394,791,62,2016-12-02 17:24:14
395,791,62,2016-12-02 17:24:16
396,791,62,2016-12-02 17:24:18
397,791,62,2016-12-02 17:24:20
398,791,62,2016-12-02 17:24:22
399,791,62,2016-12-02 17:24:24
400,791,62,2016-12-02 17:24:26
401,791,62,2016-12-02 17:24:28
402,791,62,2016-12-02 17:24:30
403,790,62,2016-12-02 17:24:32
404,791,62,2016-12-02 17:24:34
405,790,62,2016-12-02 17:24:36
406,790,62,2016-12-02 17:24:38
407,790,63,2016-12-02 17:24:40
408,790,62,2016-12-02 17:24:42
409,790,62,2016-12-02 17:24:44
410,790,62,2016-12-02 17:24:46
411,790,62,2016-12-02 17:24:48
412,790,62,2016-12-02 17:24:50
413,790,62,2016-12-02 17:24:52
414,790,62,2016-12-02 17:24:54
415,790,62,2016-12-02 17:24:56
416,790,62,2016-12-02 17:24:58
417,790,62,2016-12-02 17:25:00
418,790,63,2016-12-02 17:25:02
419,790,62,2016-12-02 17:25:04
420,790,62,2016-12-02 17:25:06
421,790,62,2016-12-02 17:25:08
422,790,62,2016-12-02 17:25:10
423,790,62,2016-12-02 17:25:12
424,792,62,2016-12-02 17:25:14
425,792,62,2016-12-02 17:25:16
426,792,62,2016-12-02 17:25:18
427,792,62,2016-12-02 17:25:20
428,792,62,2016-12-02 17:25:22
429,792,62,2016-12-02 17:25:24
430,792,62,2016-12-02 17:25:26
431,792,62,2016-12-02 17:25:28
432,792,62,2016-12-02 17:25:30
433,792,62,2016-12-02 17:25:32
434,792,62,2016-12-02 17:25:34
435,792,62,2016-12-02 17:25:36
436,792,62,2016-12-02 17:25:38
437,792,62,2016-12-02 17:25:40
438,791,62,2016-12-02 17:25:42
439,792,62,2016-12-02 17:25:44
440,792,62,2016-12-02 17:25:46
441,792,62,2016-12-02 17:25:48
442,792,62,2016-12-02 17:25:50
443,792,62,2016-12-02 17:25:52
444,792,62,2016-12-02 17:25:54
445,792,62,2016-12-02 17:25:56
446,792,62,2016-12-02 17:25:58
447,792,62,2016-12-02 17:26:00
448,791,62,2016-12-02 17:26:02
449,791,62,2016-12-02 17:26:04
450,792,62,2016-12-02 17:26:06
451,791,62,2016-12-02 17:26:08
452,792,62,2016-12-02 17:26:10
453,791,62,2016-12-02 17:26:12
454,792,62,2016-12-02 17:26:14
455,791,62,2016-12-02 17:26:16
456,791,62,2016-12-02 17:26:18
457,791,62,2016-12-02 17:26:20
458,791,63,2016-12-02 17:26:22
459,792,62,2016-12-02 17:26:24
460,791,62,2016-12-02 17:26:26
461,792,62,2016-12-02 17:26:28
462,792,63,2016-12-02 17:26:30
463,791,62,2016-12-02 17:26:32
464,791,62,2016-12-02 17:26:34
465,791,62,2016-12-02 17:26:36
466,791,62,2016-12-02 17:26:38
467,792,62,2016-12-02 17:26:40
468,791,62,2016-12-02 17:26:42
469,791,62,2016-12-02 17:26:44
470,791,62,2016-12-02 17:26:46
471,791,62,2016-12-02 17:26:48
472,791,62,2016-12-02 17:26:50
473,792,62,2016-12-02 17:26:52
474,791,62,2016-12-02 17:26:54
475,792,62,2016-12-02 17:26:56
476,791,62,2016-12-02 17:26:58
477,791,62,2016-12-02 17:27:00
478,792,62,2016-12-02 17:27:02
479,792,62,2016-12-02 17:27:04
480,792,62,2016-12-02 17:27:06
481,791,62,2016-12-02 17:27:08
482,791,62,2016-12-02 17:27:10
483,792,62,2016-12-02 17:27:12
484,792,63,2016-12-02 17:27:14
485,791,63,2016-12-02 17:27:16
486,792,63,2016-12-02 17:27:18
487,792,63,2016-12-02 17:27:20
488,792,63,2016-12-02 17:27:22
489,792,63,2016-12-02 17:27:24
490,792,64,2016-12-02 17:27:26
491,792,64,2016-12-02 17:27:28
492,792,64,2016-12-02 17:27:30
493,792,64,2016-12-02 17:27:32
494,792,64,2016-12-02 17:27:34
495,792,64,2016-12-02 17:27:36
496,792,63,2016-12-02 17:27:38
497,792,63,2016-12-02 17:27:40
498,792,63,2016-12-02 17:27:42
499,792,63,2016-12-02 17:27:44
500,792,63,2016-12-02 17:27:46
501,792,63,2016-12-02 17:27:48
502,792,63,2016-12-02 17:27:50
503,792,63,2016-12-02 17:27:52
504,792,63,2016-12-02 17:27:54
505,792,63,2016-12-02 17:27:56
506,792,63,2016-12-02 17:27:58
507,792,63,2016-12-02 17:28:00
508,792,63,2016-12-02 17:28:02
509,792,63,2016-12-02 17:28:04
510,792,63,2016-12-02 17:28:06
511,812,61,2016-12-02 17:28:08
512,794,63,2016-12-02 17:28:10
513,808,64,2016-12-02 17:28:12
514,809,65,2016-12-02 17:28:14
515,808,65,2016-12-02 17:28:16
516,809,65,2016-12-02 17:28:18
517,793,66,2016-12-02 17:28:20
518,794,66,2016-12-02 17:28:22
519,793,66,2016-12-02 17:28:24
520,793,65,2016-12-02 17:28:26
521,793,65,2016-12-02 17:28:28
522,793,65,2016-12-02 17:28:30
523,793,64,2016-12-02 17:28:32
524,793,64,2016-12-02 17:28:34
525,793,64,2016-12-02 17:28:36
526,771,64,2016-12-02 17:28:38
527,775,64,2016-12-02 17:28:40
528,702,65,2016-12-02 17:28:42
529,596,64,2016-12-02 17:28:44
530,385,65,2016-12-02 17:28:46
531,794,65,2016-12-02 17:28:48
532,792,64,2016-12-02 17:28:50
533,793,64,2016-12-02 17:28:52
534,792,63,2016-12-02 17:28:54
535,792,63,2016-12-02 17:28:56
536,792,63,2016-12-02 17:28:58
537,792,63,2016-12-02 17:29:00
538,793,63,2016-12-02 17:29:02
539,793,62,2016-12-02 17:29:04
540,793,62,2016-12-02 17:29:06
541,793,61,2016-12-02 17:29:08
542,793,61,2016-12-02 17:29:10
543,793,61,2016-12-02 17:29:12
544,792,61,2016-12-02 17:29:14
545,792,62,2016-12-02 17:29:16
546,792,62,2016-12-02 17:29:18
547,792,62,2016-12-02 17:29:20
548,793,65,2016-12-02 17:29:22
549,793,64,2016-12-02 17:29:24
550,793,64,2016-12-02 17:29:26
551,792,64,2016-12-02 17:29:28
552,792,64,2016-12-02 17:29:30
553,794,64,2016-12-02 17:29:32
554,793,65,2016-12-02 17:29:34
555,793,64,2016-12-02 17:29:36
556,793,64,2016-12-02 17:29:38
557,792,65,2016-12-02 17:29:40
558,792,65,2016-12-02 17:29:42
559,793,65,2016-12-02 17:29:44
560,793,65,2016-12-02 17:29:46
561,793,65,2016-12-02 17:29:48
562,793,65,2016-12-02 17:29:50
563,793,65,2016-12-02 17:29:52
564,793,65,2016-12-02 17:29:54
565,793,64,2016-12-02 17:29:56
566,793,65,2016-12-02 17:29:58
567,792,64,2016-12-02 17:30:00
568,793,64,2016-12-02 17:30:02
569,792,65,2016-12-02 17:30:04
570,793,65,2016-12-02 17:30:06
571,793,65,2016-12-02 17:30:08
572,793,65,2016-12-02 17:30:10
573,793,64,2016-12-02 17:30:12
574,793,65,2016-12-02 17:30:14
575,793,65,2016-12-02 17:30:16
576,793,64,2016-12-02 17:30:18
577,793,64,2016-12-02 17:30:20
578,793,64,2016-12-02 17:30:22
579,793,64,2016-12-02 17:30:24
580,792,64,2016-12-02 17:30:26
581,793,64,2016-12-02 17:30:28
582,793,64,2016-12-02 17:30:30
583,793,64,2016-12-02 17:30:32
584,793,64,2016-12-02 17:30:34
585,793,66,2016-12-02 17:30:36
586,793,65,2016-12-02 17:30:38
587,793,65,2016-12-02 17:30:40
588,793,65,2016-12-02 17:30:42
589,793,65,2016-12-02 17:30:44
590,793,65,2016-12-02 17:30:46
591,793,65,2016-12-02 17:30:48
592,793,65,2016-12-02 17:30:50
593,793,65,2016-12-02 17:30:52
594,792,64,2016-12-02 17:30:54
595,793,64,2016-12-02 17:30:56
596,792,64,2016-12-02 17:30:58
597,793,63,2016-12-02 17:31:00
598,792,63,2016-12-02 17:31:02
599,793,62,2016-12-02 17:31:04
600,793,63,2016-12-02 17:31:06
601,793,63,2016-12-02 17:31:08
602,792,63,2016-12-02 17:31:10
603,792,63,2016-12-02 17:31:12
604,793,63,2016-12-02 17:31:14
605,793,63,2016-12-02 17:31:16
606,792,63,2016-12-02 17:31:18
607,792,63,2016-12-02 17:31:20
608,792,62,2016-12-02 17:31:22
609,793,62,2016-12-02 17:31:24
610,792,62,2016-12-02 17:31:26
611,793,62,2016-12-02 17:31:28
612,792,62,2016-12-02 17:31:30
613,793,62,2016-12-02 17:31:32
614,793,62,2016-12-02 17:31:34
615,793,63,2016-12-02 17:31:36
616,793,63,2016-12-02 17:31:38
617,792,63,2016-12-02 17:31:40
618,792,62,2016-12-02 17:31:42
619,793,62,2016-12-02 17:31:44
620,792,62,2016-12-02 17:31:46
621,792,62,2016-12-02 17:31:48
622,792,62,2016-12-02 17:31:50
623,792,62,2016-12-02 17:31:52
624,792,61,2016-12-02 17:31:54
625,792,62,2016-12-02 17:31:56
626,792,62,2016-12-02 17:31:58
627,792,63,2016-12-02 17:32:00
628,792,63,2016-12-02 17:32:02
629,792,63,2016-12-02 17:32:04
630,792,63,2016-12-02 17:32:06
631,792,63,2016-12-02 17:32:08
632,792,64,2016-12-02 17:32:10
633,792,64,2016-12-02 17:32:12
634,792,64,2016-12-02 17:32:14
635,793,64,2016-12-02 17:32:16
636,792,64,2016-12-02 17:32:18
637,792,64,2016-12-02 17:32:20
638,792,64,2016-12-02 17:32:22
639,792,64,2016-12-02 17:32:24
640,793,64,2016-12-02 17:32:26
641,792,64,2016-12-02 17:32:28
642,792,64,2016-12-02 17:32:30
643,792,64,2016-12-02 17:32:32
644,792,64,2016-12-02 17:32:34
645,792,64,2016-12-02 17:32:36
646,792,65,2016-12-02 17:32:38
647,793,65,2016-12-02 17:32:40
648,792,65,2016-12-02 17:32:42
649,793,65,2016-12-02 17:32:44
650,793,65,2016-12-02 17:32:46
651,793,64,2016-12-02 17:32:48
652,793,64,2016-12-02 17:32:50
653,792,65,2016-12-02 17:32:52
654,792,64,2016-12-02 17:32:54
655,792,64,2016-12-02 17:32:56
656,793,63,2016-12-02 17:32:58
657,793,63,2016-12-02 17:33:00
658,792,63,2016-12-02 17:33:02
659,792,62,2016-12-02 17:33:04
660,792,62,2016-12-02 17:33:06
661,792,61,2016-12-02 17:33:08
662,792,61,2016-12-02 17:33:10
663,792,61,2016-12-02 17:33:12
664,792,61,2016-12-02 17:33:14
665,791,61,2016-12-02 17:33:16
666,792,61,2016-12-02 17:33:18
667,792,61,2016-12-02 17:33:20
668,792,62,2016-12-02 17:33:22
669,792,62,2016-12-02 17:33:24
670,792,63,2016-12-02 17:33:26
671,792,61,2016-12-02 17:33:28
672,792,63,2016-12-02 17:33:30
673,791,63,2016-12-02 17:33:32
674,791,64,2016-12-02 17:33:34
675,791,64,2016-12-02 17:33:36
676,791,64,2016-12-02 17:33:38
677,791,64,2016-12-02 17:33:40
678,790,64,2016-12-02 17:33:42
679,791,64,2016-12-02 17:33:44
680,790,64,2016-12-02 17:33:46
681,790,64,2016-12-02 17:33:48
682,791,64,2016-12-02 17:33:50
683,791,64,2016-12-02 17:33:52
684,791,64,2016-12-02 17:33:54
685,791,64,2016-12-02 17:33:56
686,791,65,2016-12-02 17:33:58
687,791,65,2016-12-02 17:34:00
688,790,65,2016-12-02 17:34:02
689,791,64,2016-12-02 17:34:04
690,791,65,2016-12-02 17:34:06
691,790,65,2016-12-02 17:34:08
692,791,65,2016-12-02 17:34:10
693,791,65,2016-12-02 17:34:12
694,790,65,2016-12-02 17:34:14
695,791,65,2016-12-02 17:34:16
696,790,65,2016-12-02 17:34:18
697,790,65,2016-12-02 17:34:20
698,791,65,2016-12-02 17:34:22
699,792,65,2016-12-02 17:34:24
700,792,65,2016-12-02 17:34:26
701,792,65,2016-12-02 17:34:28
702,792,64,2016-12-02 17:34:30
703,792,64,2016-12-02 17:34:32
704,793,64,2016-12-02 17:34:34
705,792,64,2016-12-02 17:34:36
706,792,64,2016-12-02 17:34:38
707,792,64,2016-12-02 17:34:40
708,792,64,2016-12-02 17:34:42
709,792,63,2016-12-02 17:34:44
710,792,64,2016-12-02 17:34:46
711,792,64,2016-12-02 17:34:48
712,792,64,2016-12-02 17:34:50
713,792,64,2016-12-02 17:34:52
714,792,64,2016-12-02 17:34:54
715,792,64,2016-12-02 17:34:56
716,792,64,2016-12-02 17:34:58
717,792,64,2016-12-02 17:35:00
718,792,64,2016-12-02 17:35:02
719,792,64,2016-12-02 17:35:04
720,793,64,2016-12-02 17:35:06
721,792,64,2016-12-02 17:35:08
722,793,64,2016-12-02 17:35:10
723,792,63,2016-12-02 17:35:12
724,792,65,2016-12-02 17:35:14
725,792,65,2016-12-02 17:35:16
726,792,64,2016-12-02 17:35:18
727,792,65,2016-12-02 17:35:20
728,792,65,2016-12-02 17:35:22
729,792,65,2016-12-02 17:35:24
730,792,65,2016-12-02 17:35:26
731,792,65,2016-12-02 17:35:28
732,792,65,2016-12-02 17:35:30
733,792,65,2016-12-02 17:35:32
734,793,65,2016-12-02 17:35:34
735,793,65,2016-12-02 17:35:36
736,793,64,2016-12-02 17:35:38
737,793,64,2016-12-02 17:35:40
738,792,65,2016-12-02 17:35:42
739,793,64,2016-12-02 17:35:44
740,793,64,2016-12-02 17:35:46
